model,test_mae,test_rmse,test_mape
Frontier: Chronos,0.8324219341278076,0.9431424271438679,2.7254897264137425
