,sensor_temp,sensor_humi,ext_temp,ext_humi,ext_dew,ext_rain,ext_wind,ext_sunshine
sensor_temp,1.0,0.8311840596039649,0.5815869478902256,0.26611946342741766,0.6221028368272068,-0.11392294613640254,-0.2016348189760134,0.11583328476085179
sensor_humi,0.8311840596039649,1.0,0.6710341903787118,0.42771673307768937,0.7916405386039528,-0.1495196908722144,-0.05248554765372358,0.06146161394496528
ext_temp,0.5815869478902256,0.6710341903787118,1.0,0.02128996805282751,0.8274158162645724,-0.17957406592267083,0.0060482625976155625,0.2810402086988071
ext_humi,0.26611946342741766,0.42771673307768937,0.02128996805282751,1.0,0.5768873666096213,0.27311232371971,-0.15655417776509872,-0.38226276381830093
ext_dew,0.6221028368272068,0.7916405386039528,0.8274158162645724,0.5768873666096213,1.0,-0.0051017852629782956,-0.06602845679917045,0.010772943052047528
ext_rain,-0.11392294613640254,-0.1495196908722144,-0.17957406592267083,0.27311232371971,-0.0051017852629782956,1.0,0.19388261138806914,-0.12018360425420777
ext_wind,-0.2016348189760134,-0.05248554765372358,0.0060482625976155625,-0.15655417776509872,-0.06602845679917045,0.19388261138806914,1.0,0.02966362510867054
ext_sunshine,0.11583328476085179,0.06146161394496528,0.2810402086988071,-0.38226276381830093,0.010772943052047528,-0.12018360425420777,0.02966362510867054,1.0
