feature,importance,std
sensor_humi_lag4,0.3079328378758967,0.009511827662637527
sensor_humi_lag2,2.443934162308505,0.06065944219749603
sensor_humi_lag1,5.518453007252914,0.15614813720677853
