,sensor_temp,sensor_humi,ext_temp,ext_humi,ext_dew,ext_rain,ext_wind,ext_sunshine
sensor_temp,1.0,-0.021439809197224855,0.054234781133390884,-0.5553408629515838,-0.40431448382985047,-0.35800642560854345,0.4135673341943926,0.4475091762217607
sensor_humi,-0.021439809197224855,1.0,0.6193486672830608,0.6453801909235956,0.8573691863272636,0.07584632046927368,0.3692788975296508,-0.17831858860952127
ext_temp,0.054234781133390884,0.6193486672830608,1.0,0.04279547768566331,0.5799970178827213,-0.1485374905319229,0.4271208483452255,0.05058840738633508
ext_humi,-0.5553408629515838,0.6453801909235956,0.04279547768566331,1.0,0.8353179156044999,0.3544834658649254,-0.08344168248831431,-0.46474425563084193
ext_dew,-0.40431448382985047,0.8573691863272636,0.5799970178827213,0.8353179156044999,1.0,0.1830716403321944,0.1829815495191679,-0.35674979407868157
ext_rain,-0.35800642560854345,0.07584632046927368,-0.1485374905319229,0.3544834658649254,0.1830716403321944,1.0,-0.21637406011483956,-0.09098724829025613
ext_wind,0.4135673341943926,0.3692788975296508,0.4271208483452255,-0.08344168248831431,0.1829815495191679,-0.21637406011483956,1.0,0.08722977843194903
ext_sunshine,0.4475091762217607,-0.17831858860952127,0.05058840738633508,-0.46474425563084193,-0.35674979407868157,-0.09098724829025613,0.08722977843194903,1.0
