,sensor_temp,sensor_humi,ext_temp,ext_humi,ext_dew,ext_rain,ext_wind,ext_sunshine
sensor_temp,1.0,0.4224875281596455,0.31437984958629256,0.14457378972694898,0.3379941456619158,-0.011528700658397536,-0.08963255146068794,0.07720546640160837
sensor_humi,0.4224875281596455,1.0,0.6781669418195356,0.3658679500533343,0.7667803713741366,-0.18135093254762208,-0.010476375745973047,0.07036116089725265
ext_temp,0.31437984958629256,0.6781669418195356,1.0,-0.0033617408058577805,0.8050770526253732,-0.2085620809936781,0.08368795350584111,0.2490934023738944
ext_humi,0.14457378972694898,0.3658679500533343,-0.0033617408058577805,1.0,0.5878538851822632,0.32248930418664074,-0.14459762494131514,-0.38954040502829135
ext_dew,0.3379941456619158,0.7667803713741366,0.8050770526253732,0.5878538851822632,1.0,0.007040406376235624,0.00011780573158898354,-0.03392862127034643
ext_rain,-0.011528700658397536,-0.18135093254762208,-0.2085620809936781,0.32248930418664074,0.007040406376235624,1.0,0.04810043051280107,-0.12347526309699607
ext_wind,-0.08963255146068794,-0.010476375745973047,0.08368795350584111,-0.14459762494131514,0.00011780573158898354,0.04810043051280107,1.0,0.02743502372849558
ext_sunshine,0.07720546640160837,0.07036116089725265,0.2490934023738944,-0.38954040502829135,-0.03392862127034643,-0.12347526309699607,0.02743502372849558,1.0
